{
    "$schema": "https://schema.management.azure.com/schemas/2015-01-01/deploymentParameters.json#",
    "contentVersion": "1.0.0.0",
    "parameters": {
        "location": {
            "value": "canadacentral"
        },
        "virtualMachineName": {
            "value": "chef-vm2"
        },
        "virtualMachineSize": {
            "value": "Standard_D1_v2"
        },
        "adminUsername": {
            "value": "floater1"
        },
        "virtualNetworkName": {
            "value": "chef-rg-vnet"
        },
        "networkInterfaceName": {
            "value": "chef-vm2927"
        },
        "networkSecurityGroupName": {
            "value": "chef-vm2-nsg"
        },
        "adminPassword": {
            "value": null
        },
        "storageAccountName": {
            "value": "chefrgdisks933"
        },
        "diagnosticsStorageAccountName": {
            "value": "chefrgdiag309"
        },
        "diagnosticsStorageAccountId": {
            "value": "/subscriptions/4830d36a-e5da-4f38-8647-b8ca702c1b1d/resourceGroups/chef-rg/providers/Microsoft.Storage/storageAccounts/chefrgdiag309"
        },
        "subnetName": {
            "value": "default"
        },
        "publicIpAddressName": {
            "value": "chef-vm2-ip"
        },
        "publicIpAddressType": {
            "value": "Static"
        }
    }
}