{
    "$schema": "https://schema.management.azure.com/schemas/2015-01-01/deploymentParameters.json#",
    "contentVersion": "1.0.0.0",
    "parameters": {
        "virtualMachines_JumpBoxVm1_name": {
            "value": null
        },
        "vaults_vchDsKeyVault_name": {
            "value": null
        },
        "networkInterfaces_ADDCVm1Nic_name": {
            "value": null
        },
        "networkInterfaces_ADDCVm2Nic_name": {
            "value": null
        },
        "networkInterfaces_ADDCVm3Nic_name": {
            "value": null
        },
        "networkInterfaces_JumpBoxVm1Nic_name": {
            "value": null
        },
        "networkSecurityGroups_addc_subnet_nsg_name": {
            "value": null
        },
        "networkSecurityGroups_jb_subnet_nsg_name": {
            "value": null
        },
        "publicIPAddresses_ADDCVm1Pip_name": {
            "value": null
        },
        "publicIPAddresses_ADDCVm2Pip_name": {
            "value": null
        },
        "publicIPAddresses_ADDCVm3Pip_name": {
            "value": null
        },
        "publicIPAddresses_JumpBoxVm1Pip_name": {
            "value": null
        },
        "virtualNetworks_vchds_vnet_name": {
            "value": null
        },
        "servers_vchdsdw_name": {
            "value": null
        },
        "storageAccounts_vchdsstorageacct_name": {
            "value": null
        },
        "extensions_BGInfo_name": {
            "value": null
        },
        "databases_master_name": {
            "value": null
        }
    }
}