{
    "$schema": "https://schema.management.azure.com/schemas/2015-01-01/deploymentTemplate.json#",
    "contentVersion": "1.0.0.0",
    "parameters": {
        "virtualMachines_JumpBoxVm1_name": {
            "defaultValue": "JumpBoxVm1",
            "type": "String"
        },
        "vaults_vchDsKeyVault_name": {
            "defaultValue": "vchDsKeyVault",
            "type": "String"
        },
        "networkInterfaces_ADDCVm1Nic_name": {
            "defaultValue": "ADDCVm1Nic",
            "type": "String"
        },
        "networkInterfaces_ADDCVm2Nic_name": {
            "defaultValue": "ADDCVm2Nic",
            "type": "String"
        },
        "networkInterfaces_ADDCVm3Nic_name": {
            "defaultValue": "ADDCVm3Nic",
            "type": "String"
        },
        "networkInterfaces_JumpBoxVm1Nic_name": {
            "defaultValue": "JumpBoxVm1Nic",
            "type": "String"
        },
        "networkSecurityGroups_addc_subnet_nsg_name": {
            "defaultValue": "addc-subnet-nsg",
            "type": "String"
        },
        "networkSecurityGroups_jb_subnet_nsg_name": {
            "defaultValue": "jb-subnet-nsg",
            "type": "String"
        },
        "publicIPAddresses_ADDCVm1Pip_name": {
            "defaultValue": "ADDCVm1Pip",
            "type": "String"
        },
        "publicIPAddresses_ADDCVm2Pip_name": {
            "defaultValue": "ADDCVm2Pip",
            "type": "String"
        },
        "publicIPAddresses_ADDCVm3Pip_name": {
            "defaultValue": "ADDCVm3Pip",
            "type": "String"
        },
        "publicIPAddresses_JumpBoxVm1Pip_name": {
            "defaultValue": "JumpBoxVm1Pip",
            "type": "String"
        },
        "virtualNetworks_vchds_vnet_name": {
            "defaultValue": "vchds-vnet",
            "type": "String"
        },
        "servers_vchdsdw_name": {
            "defaultValue": "vchdsdw",
            "type": "String"
        },
        "storageAccounts_vchdsstorageacct_name": {
            "defaultValue": "vchdsstorageacct",
            "type": "String"
        },
        "extensions_BGInfo_name": {
            "defaultValue": "JumpBoxVm1/BGInfo",
            "type": "String"
        },
        "databases_master_name": {
            "defaultValue": "vchdsdw/master",
            "type": "String"
        }
    },
    "variables": {},
    "resources": [
        {
            "comments": "Generalized from resource: '/subscriptions/4830d36a-e5da-4f38-8647-b8ca702c1b1d/resourceGroups/vchds-root-rg/providers/Microsoft.Compute/virtualMachines/JumpBoxVm1'.",
            "type": "Microsoft.Compute/virtualMachines",
            "name": "[parameters('virtualMachines_JumpBoxVm1_name')]",
            "apiVersion": "2016-04-30-preview",
            "location": "CanadaCentral",
            "properties": {
                "hardwareProfile": {
                    "vmSize": "Standard_DS13_v2"
                },
                "storageProfile": {
                    "imageReference": {
                        "publisher": "MicrosoftWindowsServer",
                        "offer": "WindowsServer",
                        "sku": "2012-R2-Datacenter",
                        "version": "latest"
                    },
                    "osDisk": {
                        "osType": "Windows",
                        "name": "[concat(parameters('virtualMachines_JumpBoxVm1_name'),'OsDisk')]",
                        "createOption": "FromImage",
                        "vhd": {
                            "uri": "[concat('https', '://', parameters('storageAccounts_vchdsstorageacct_name'), '.blob.core.windows.net', concat('/vhds/', parameters('virtualMachines_JumpBoxVm1_name'),'OsDisk.vhd'))]"
                        },
                        "caching": "ReadWrite"
                    },
                    "dataDisks": []
                },
                "osProfile": {
                    "computerName": "[parameters('virtualMachines_JumpBoxVm1_name')]",
                    "adminUsername": "Floater1",
                    "windowsConfiguration": {
                        "provisionVMAgent": true,
                        "enableAutomaticUpdates": true
                    },
                    "secrets": []
                },
                "networkProfile": {
                    "networkInterfaces": [
                        {
                            "id": "[resourceId('Microsoft.Network/networkInterfaces', parameters('networkInterfaces_JumpBoxVm1Nic_name'))]"
                        }
                    ]
                },
                "diagnosticsProfile": {
                    "bootDiagnostics": {
                        "enabled": true,
                        "storageUri": "[concat('https', '://', parameters('storageAccounts_vchdsstorageacct_name'), '.blob.core.windows.net', '/')]"
                    }
                }
            },
            "dependsOn": [
                "[resourceId('Microsoft.Storage/storageAccounts', parameters('storageAccounts_vchdsstorageacct_name'))]",
                "[resourceId('Microsoft.Network/networkInterfaces', parameters('networkInterfaces_JumpBoxVm1Nic_name'))]"
            ]
        },
        {
            "comments": "Generalized from resource: '/subscriptions/4830d36a-e5da-4f38-8647-b8ca702c1b1d/resourceGroups/vchds-root-rg/providers/Microsoft.KeyVault/vaults/vchDsKeyVault'.",
            "type": "Microsoft.KeyVault/vaults",
            "name": "[parameters('vaults_vchDsKeyVault_name')]",
            "apiVersion": "2015-06-01",
            "location": "canadacentral",
            "tags": {},
            "properties": {
                "sku": {
                    "family": "A",
                    "name": "standard"
                },
                "tenantId": "ae1889e5-edc5-42cf-a525-11f41dc4f8a8",
                "accessPolicies": [
                    {
                        "tenantId": "ae1889e5-edc5-42cf-a525-11f41dc4f8a8",
                        "objectId": "bb477c97-0855-4e92-a036-fde603596191",
                        "permissions": {
                            "keys": [
                                "get",
                                "create",
                                "delete",
                                "list",
                                "update",
                                "import",
                                "backup",
                                "restore"
                            ],
                            "secrets": [
                                "all"
                            ]
                        }
                    }
                ],
                "enabledForDeployment": true
            },
            "dependsOn": []
        },
        {
            "comments": "Generalized from resource: '/subscriptions/4830d36a-e5da-4f38-8647-b8ca702c1b1d/resourceGroups/vchds-root-rg/providers/Microsoft.Network/networkInterfaces/ADDCVm1Nic'.",
            "type": "Microsoft.Network/networkInterfaces",
            "name": "[parameters('networkInterfaces_ADDCVm1Nic_name')]",
            "apiVersion": "2016-03-30",
            "location": "canadacentral",
            "properties": {
                "ipConfigurations": [
                    {
                        "name": "ipconfig1",
                        "properties": {
                            "privateIPAddress": "192.168.1.10",
                            "privateIPAllocationMethod": "Static",
                            "publicIPAddress": {
                                "id": "[resourceId('Microsoft.Network/publicIPAddresses', parameters('publicIPAddresses_ADDCVm1Pip_name'))]"
                            },
                            "subnet": {
                                "id": "[concat(resourceId('Microsoft.Network/virtualNetworks', parameters('virtualNetworks_vchds_vnet_name')), '/subnets/addc-subnet')]"
                            }
                        }
                    }
                ],
                "dnsSettings": {
                    "dnsServers": []
                },
                "enableIPForwarding": false,
                "networkSecurityGroup": {
                    "id": "[resourceId('Microsoft.Network/networkSecurityGroups', parameters('networkSecurityGroups_addc_subnet_nsg_name'))]"
                }
            },
            "dependsOn": [
                "[resourceId('Microsoft.Network/publicIPAddresses', parameters('publicIPAddresses_ADDCVm1Pip_name'))]",
                "[resourceId('Microsoft.Network/virtualNetworks', parameters('virtualNetworks_vchds_vnet_name'))]",
                "[resourceId('Microsoft.Network/networkSecurityGroups', parameters('networkSecurityGroups_addc_subnet_nsg_name'))]"
            ]
        },
        {
            "comments": "Generalized from resource: '/subscriptions/4830d36a-e5da-4f38-8647-b8ca702c1b1d/resourceGroups/vchds-root-rg/providers/Microsoft.Network/networkInterfaces/ADDCVm2Nic'.",
            "type": "Microsoft.Network/networkInterfaces",
            "name": "[parameters('networkInterfaces_ADDCVm2Nic_name')]",
            "apiVersion": "2016-03-30",
            "location": "canadacentral",
            "properties": {
                "ipConfigurations": [
                    {
                        "name": "ipconfig1",
                        "properties": {
                            "privateIPAddress": "192.168.1.20",
                            "privateIPAllocationMethod": "Static",
                            "publicIPAddress": {
                                "id": "[resourceId('Microsoft.Network/publicIPAddresses', parameters('publicIPAddresses_ADDCVm2Pip_name'))]"
                            },
                            "subnet": {
                                "id": "[concat(resourceId('Microsoft.Network/virtualNetworks', parameters('virtualNetworks_vchds_vnet_name')), '/subnets/addc-subnet')]"
                            }
                        }
                    }
                ],
                "dnsSettings": {
                    "dnsServers": []
                },
                "enableIPForwarding": false,
                "networkSecurityGroup": {
                    "id": "[resourceId('Microsoft.Network/networkSecurityGroups', parameters('networkSecurityGroups_addc_subnet_nsg_name'))]"
                }
            },
            "dependsOn": [
                "[resourceId('Microsoft.Network/publicIPAddresses', parameters('publicIPAddresses_ADDCVm2Pip_name'))]",
                "[resourceId('Microsoft.Network/virtualNetworks', parameters('virtualNetworks_vchds_vnet_name'))]",
                "[resourceId('Microsoft.Network/networkSecurityGroups', parameters('networkSecurityGroups_addc_subnet_nsg_name'))]"
            ]
        },
        {
            "comments": "Generalized from resource: '/subscriptions/4830d36a-e5da-4f38-8647-b8ca702c1b1d/resourceGroups/vchds-root-rg/providers/Microsoft.Network/networkInterfaces/ADDCVm3Nic'.",
            "type": "Microsoft.Network/networkInterfaces",
            "name": "[parameters('networkInterfaces_ADDCVm3Nic_name')]",
            "apiVersion": "2016-03-30",
            "location": "canadacentral",
            "properties": {
                "ipConfigurations": [
                    {
                        "name": "ipconfig1",
                        "properties": {
                            "privateIPAddress": "192.168.1.30",
                            "privateIPAllocationMethod": "Static",
                            "publicIPAddress": {
                                "id": "[resourceId('Microsoft.Network/publicIPAddresses', parameters('publicIPAddresses_ADDCVm3Pip_name'))]"
                            },
                            "subnet": {
                                "id": "[concat(resourceId('Microsoft.Network/virtualNetworks', parameters('virtualNetworks_vchds_vnet_name')), '/subnets/addc-subnet')]"
                            }
                        }
                    }
                ],
                "dnsSettings": {
                    "dnsServers": []
                },
                "enableIPForwarding": false,
                "networkSecurityGroup": {
                    "id": "[resourceId('Microsoft.Network/networkSecurityGroups', parameters('networkSecurityGroups_addc_subnet_nsg_name'))]"
                }
            },
            "dependsOn": [
                "[resourceId('Microsoft.Network/publicIPAddresses', parameters('publicIPAddresses_ADDCVm3Pip_name'))]",
                "[resourceId('Microsoft.Network/virtualNetworks', parameters('virtualNetworks_vchds_vnet_name'))]",
                "[resourceId('Microsoft.Network/networkSecurityGroups', parameters('networkSecurityGroups_addc_subnet_nsg_name'))]"
            ]
        },
        {
            "comments": "Generalized from resource: '/subscriptions/4830d36a-e5da-4f38-8647-b8ca702c1b1d/resourceGroups/vchds-root-rg/providers/Microsoft.Network/networkInterfaces/JumpBoxVm1Nic'.",
            "type": "Microsoft.Network/networkInterfaces",
            "name": "[parameters('networkInterfaces_JumpBoxVm1Nic_name')]",
            "apiVersion": "2016-03-30",
            "location": "canadacentral",
            "properties": {
                "ipConfigurations": [
                    {
                        "name": "ipconfig1",
                        "properties": {
                            "privateIPAddress": "192.168.0.10",
                            "privateIPAllocationMethod": "Static",
                            "publicIPAddress": {
                                "id": "[resourceId('Microsoft.Network/publicIPAddresses', parameters('publicIPAddresses_JumpBoxVm1Pip_name'))]"
                            },
                            "subnet": {
                                "id": "[concat(resourceId('Microsoft.Network/virtualNetworks', parameters('virtualNetworks_vchds_vnet_name')), '/subnets/jb-subnet')]"
                            }
                        }
                    }
                ],
                "dnsSettings": {
                    "dnsServers": []
                },
                "enableIPForwarding": false,
                "networkSecurityGroup": {
                    "id": "[resourceId('Microsoft.Network/networkSecurityGroups', parameters('networkSecurityGroups_jb_subnet_nsg_name'))]"
                }
            },
            "dependsOn": [
                "[resourceId('Microsoft.Network/publicIPAddresses', parameters('publicIPAddresses_JumpBoxVm1Pip_name'))]",
                "[resourceId('Microsoft.Network/virtualNetworks', parameters('virtualNetworks_vchds_vnet_name'))]",
                "[resourceId('Microsoft.Network/networkSecurityGroups', parameters('networkSecurityGroups_jb_subnet_nsg_name'))]"
            ]
        },
        {
            "comments": "Generalized from resource: '/subscriptions/4830d36a-e5da-4f38-8647-b8ca702c1b1d/resourceGroups/vchds-root-rg/providers/Microsoft.Network/networkSecurityGroups/addc-subnet-nsg'.",
            "type": "Microsoft.Network/networkSecurityGroups",
            "name": "[parameters('networkSecurityGroups_addc_subnet_nsg_name')]",
            "apiVersion": "2016-03-30",
            "location": "canadacentral",
            "properties": {
                "securityRules": [
                    {
                        "name": "rdp-rule",
                        "properties": {
                            "description": "Deny All Inbound Internet",
                            "protocol": "Tcp",
                            "sourcePortRange": "*",
                            "destinationPortRange": "*",
                            "sourceAddressPrefix": "Internet",
                            "destinationAddressPrefix": "*",
                            "access": "Deny",
                            "priority": 100,
                            "direction": "Inbound"
                        }
                    }
                ]
            },
            "dependsOn": []
        },
        {
            "comments": "Generalized from resource: '/subscriptions/4830d36a-e5da-4f38-8647-b8ca702c1b1d/resourceGroups/vchds-root-rg/providers/Microsoft.Network/networkSecurityGroups/jb-subnet-nsg'.",
            "type": "Microsoft.Network/networkSecurityGroups",
            "name": "[parameters('networkSecurityGroups_jb_subnet_nsg_name')]",
            "apiVersion": "2016-03-30",
            "location": "canadacentral",
            "properties": {
                "securityRules": [
                    {
                        "name": "rdp-rule",
                        "properties": {
                            "description": "Allow www RDP",
                            "protocol": "Tcp",
                            "sourcePortRange": "*",
                            "destinationPortRange": "3389",
                            "sourceAddressPrefix": "Internet",
                            "destinationAddressPrefix": "*",
                            "access": "Allow",
                            "priority": 100,
                            "direction": "Inbound"
                        }
                    }
                ]
            },
            "dependsOn": []
        },
        {
            "comments": "Generalized from resource: '/subscriptions/4830d36a-e5da-4f38-8647-b8ca702c1b1d/resourceGroups/vchds-root-rg/providers/Microsoft.Network/publicIPAddresses/ADDCVm1Pip'.",
            "type": "Microsoft.Network/publicIPAddresses",
            "name": "[parameters('publicIPAddresses_ADDCVm1Pip_name')]",
            "apiVersion": "2016-03-30",
            "location": "canadacentral",
            "properties": {
                "publicIPAllocationMethod": "Static",
                "idleTimeoutInMinutes": 4,
                "dnsSettings": {
                    "domainNameLabel": "addcvm1"
                }
            },
            "dependsOn": []
        },
        {
            "comments": "Generalized from resource: '/subscriptions/4830d36a-e5da-4f38-8647-b8ca702c1b1d/resourceGroups/vchds-root-rg/providers/Microsoft.Network/publicIPAddresses/ADDCVm2Pip'.",
            "type": "Microsoft.Network/publicIPAddresses",
            "name": "[parameters('publicIPAddresses_ADDCVm2Pip_name')]",
            "apiVersion": "2016-03-30",
            "location": "canadacentral",
            "properties": {
                "publicIPAllocationMethod": "Static",
                "idleTimeoutInMinutes": 4,
                "dnsSettings": {
                    "domainNameLabel": "addcvm2"
                }
            },
            "dependsOn": []
        },
        {
            "comments": "Generalized from resource: '/subscriptions/4830d36a-e5da-4f38-8647-b8ca702c1b1d/resourceGroups/vchds-root-rg/providers/Microsoft.Network/publicIPAddresses/ADDCVm3Pip'.",
            "type": "Microsoft.Network/publicIPAddresses",
            "name": "[parameters('publicIPAddresses_ADDCVm3Pip_name')]",
            "apiVersion": "2016-03-30",
            "location": "canadacentral",
            "properties": {
                "publicIPAllocationMethod": "Static",
                "idleTimeoutInMinutes": 4,
                "dnsSettings": {
                    "domainNameLabel": "addcvm3"
                }
            },
            "dependsOn": []
        },
        {
            "comments": "Generalized from resource: '/subscriptions/4830d36a-e5da-4f38-8647-b8ca702c1b1d/resourceGroups/vchds-root-rg/providers/Microsoft.Network/publicIPAddresses/JumpBoxVm1Pip'.",
            "type": "Microsoft.Network/publicIPAddresses",
            "name": "[parameters('publicIPAddresses_JumpBoxVm1Pip_name')]",
            "apiVersion": "2016-03-30",
            "location": "canadacentral",
            "properties": {
                "publicIPAllocationMethod": "Static",
                "idleTimeoutInMinutes": 4,
                "dnsSettings": {
                    "domainNameLabel": "jumpboxvm1"
                }
            },
            "dependsOn": []
        },
        {
            "comments": "Generalized from resource: '/subscriptions/4830d36a-e5da-4f38-8647-b8ca702c1b1d/resourceGroups/vchds-root-rg/providers/Microsoft.Network/virtualNetworks/vchds-vnet'.",
            "type": "Microsoft.Network/virtualNetworks",
            "name": "[parameters('virtualNetworks_vchds_vnet_name')]",
            "apiVersion": "2016-03-30",
            "location": "canadacentral",
            "properties": {
                "addressSpace": {
                    "addressPrefixes": [
                        "192.168.0.0/16"
                    ]
                },
                "dhcpOptions": {
                    "dnsServers": []
                },
                "subnets": [
                    {
                        "name": "jb-subnet",
                        "properties": {
                            "addressPrefix": "192.168.0.0/24",
                            "networkSecurityGroup": {
                                "id": "[resourceId('Microsoft.Network/networkSecurityGroups', parameters('networkSecurityGroups_jb_subnet_nsg_name'))]"
                            }
                        }
                    },
                    {
                        "name": "addc-subnet",
                        "properties": {
                            "addressPrefix": "192.168.1.0/24",
                            "networkSecurityGroup": {
                                "id": "[resourceId('Microsoft.Network/networkSecurityGroups', parameters('networkSecurityGroups_addc_subnet_nsg_name'))]"
                            }
                        }
                    }
                ]
            },
            "dependsOn": [
                "[resourceId('Microsoft.Network/networkSecurityGroups', parameters('networkSecurityGroups_jb_subnet_nsg_name'))]",
                "[resourceId('Microsoft.Network/networkSecurityGroups', parameters('networkSecurityGroups_addc_subnet_nsg_name'))]"
            ]
        },
        {
            "comments": "Generalized from resource: '/subscriptions/4830d36a-e5da-4f38-8647-b8ca702c1b1d/resourceGroups/vchds-root-rg/providers/Microsoft.Sql/servers/vchdsdw'.",
            "type": "Microsoft.Sql/servers",
            "kind": "v12.0",
            "name": "[parameters('servers_vchdsdw_name')]",
            "apiVersion": "2014-04-01-preview",
            "location": "Canada Central",
            "properties": {
                "administratorLogin": "Floater1",
                "administratorLoginPassword": null,
                "version": "12.0"
            },
            "dependsOn": []
        },
        {
            "comments": "Generalized from resource: '/subscriptions/4830d36a-e5da-4f38-8647-b8ca702c1b1d/resourceGroups/vchds-root-rg/providers/Microsoft.Storage/storageAccounts/vchdsstorageacct'.",
            "type": "Microsoft.Storage/storageAccounts",
            "sku": {
                "name": "Standard_GRS",
                "tier": "Standard"
            },
            "kind": "Storage",
            "name": "[parameters('storageAccounts_vchdsstorageacct_name')]",
            "apiVersion": "2016-01-01",
            "location": "canadacentral",
            "tags": {},
            "properties": {},
            "dependsOn": []
        },
        {
            "comments": "Generalized from resource: '/subscriptions/4830d36a-e5da-4f38-8647-b8ca702c1b1d/resourceGroups/vchds-root-rg/providers/Microsoft.Compute/virtualMachines/JumpBoxVm1/extensions/BGInfo'.",
            "type": "Microsoft.Compute/virtualMachines/extensions",
            "name": "[parameters('extensions_BGInfo_name')]",
            "apiVersion": "2016-04-30-preview",
            "location": "CanadaCentral",
            "properties": {
                "publisher": "Microsoft.Compute",
                "type": "BGInfo",
                "typeHandlerVersion": "2.1",
                "autoUpgradeMinorVersion": true
            },
            "dependsOn": [
                "[resourceId('Microsoft.Compute/virtualMachines', parameters('virtualMachines_JumpBoxVm1_name'))]"
            ]
        },
        {
            "comments": "Generalized from resource: '/subscriptions/4830d36a-e5da-4f38-8647-b8ca702c1b1d/resourceGroups/vchds-root-rg/providers/Microsoft.Sql/servers/vchdsdw/databases/master'.",
            "type": "Microsoft.Sql/servers/databases",
            "kind": "v12.0,system",
            "name": "[parameters('databases_master_name')]",
            "apiVersion": "2014-04-01-preview",
            "location": "Canada Central",
            "properties": {
                "databaseId": "08e99c85-9fa7-4e7c-8c6c-bf0e5c7adb9d",
                "edition": "System",
                "status": "Online",
                "serviceLevelObjective": "System0",
                "collation": "SQL_Latin1_General_CP1_CI_AS",
                "maxSizeBytes": "32212254720",
                "creationDate": "2017-03-11T22:28:15.1Z",
                "currentServiceObjectiveId": "29dd7459-4a7c-4e56-be22-f0adda49440d",
                "requestedServiceObjectiveId": "29dd7459-4a7c-4e56-be22-f0adda49440d",
                "requestedServiceObjectiveName": "System0",
                "sampleName": null,
                "defaultSecondaryLocation": "Canada East",
                "earliestRestoreDate": null,
                "elasticPoolName": null,
                "containmentState": 2,
                "readScale": "Disabled",
                "failoverGroupId": null
            },
            "dependsOn": [
                "[resourceId('Microsoft.Sql/servers', parameters('servers_vchdsdw_name'))]"
            ]
        }
    ]
}