{
    "$schema": "http://schema.management.azure.com/schemas/2015-01-01/deploymentTemplate.json#",
    "contentVersion": "1.0.0.0",
    "parameters": {
        "location": {
            "type": "string"
        },
        "virtualMachineName": {
            "type": "string"
        },
        "virtualMachineSize": {
            "type": "string"
        },
        "adminUsername": {
            "type": "string"
        },
        "virtualNetworkName": {
            "type": "string"
        },
        "networkInterfaceName": {
            "type": "string"
        },
        "networkSecurityGroupName": {
            "type": "string"
        },
        "adminPassword": {
            "type": "securestring"
        },
        "storageAccountName": {
            "type": "string"
        },
        "storageAccountType": {
            "type": "string"
        },
        "diagnosticsStorageAccountName": {
            "type": "string"
        },
        "diagnosticsStorageAccountId": {
            "type": "string"
        },
        "diagnosticsStorageAccountType": {
            "type": "string"
        },
        "addressPrefix": {
            "type": "string"
        },
        "subnetName": {
            "type": "string"
        },
        "subnetPrefix": {
            "type": "string"
        },
        "publicIpAddressName": {
            "type": "string"
        },
        "publicIpAddressType": {
            "type": "string"
        },
        "ex0_chef_server_url": {
            "type": "string"
        },
        "ex0_chef_node_name": {
            "type": "string"
        },
        "ex0_validation_client_name": {
            "type": "string"
        },
        "ex0_validation_key": {
            "type": "string"
        },
        "ex0_location": {
            "type": "string"
        },
        "ex0_vmName": {
            "type": "string"
        },
        "ex0_ssl_verify_mode": {
            "type": "string"
        },
        "ex0_chef_environment": {
            "type": "string"
        }
    },
    "variables": {
        "vnetId": "[resourceId('chef-rg','Microsoft.Network/virtualNetworks', parameters('virtualNetworkName'))]",
        "subnetRef": "[concat(variables('vnetId'), '/subnets/', parameters('subnetName'))]"
    },
    "resources": [
        {
            "name": "[parameters('virtualMachineName')]",
            "type": "Microsoft.Compute/virtualMachines",
            "apiVersion": "2016-04-30-preview",
            "location": "[parameters('location')]",
            "dependsOn": [
                "[concat('Microsoft.Network/networkInterfaces/', parameters('networkInterfaceName'))]",
                "[concat('Microsoft.Storage/storageAccounts/', parameters('storageAccountName'))]",
                "[concat('Microsoft.Storage/storageAccounts/', parameters('diagnosticsStorageAccountName'))]"
            ],
            "properties": {
                "osProfile": {
                    "computerName": "[parameters('virtualMachineName')]",
                    "adminUsername": "[parameters('adminUsername')]",
                    "adminPassword": "[parameters('adminPassword')]",
                    "windowsConfiguration": {
                        "provisionVmAgent": "true"
                    }
                },
                "hardwareProfile": {
                    "vmSize": "[parameters('virtualMachineSize')]"
                },
                "storageProfile": {
                    "imageReference": {
                        "publisher": "MicrosoftWindowsServer",
                        "offer": "WindowsServer",
                        "sku": "2016-Datacenter-with-Containers",
                        "version": "latest"
                    },
                    "osDisk": {
                        "name": "[parameters('virtualMachineName')]",
                        "createOption": "fromImage",
                        "vhd": {
                            "uri": "[concat(concat(reference(resourceId('chef-rg', 'Microsoft.Storage/storageAccounts', parameters('storageAccountName')), '2015-06-15').primaryEndpoints['blob'], 'vhds/'), parameters('virtualMachineName'), '20170331135337.vhd')]"
                        }
                    },
                    "dataDisks": []
                },
                "networkProfile": {
                    "networkInterfaces": [
                        {
                            "id": "[resourceId('Microsoft.Network/networkInterfaces', parameters('networkInterfaceName'))]"
                        }
                    ]
                },
                "diagnosticsProfile": {
                    "bootDiagnostics": {
                        "enabled": true,
                        "storageUri": "[reference(resourceId('chef-rg', 'Microsoft.Storage/storageAccounts', parameters('diagnosticsStorageAccountName')), '2015-06-15').primaryEndpoints['blob']]"
                    }
                }
            }
        },
        {
            "name": "chef-software.chef-client-windows-20170331135324",
            "apiVersion": "2015-01-01",
            "type": "Microsoft.Resources/deployments",
            "properties": {
                "mode": "incremental",
                "templateLink": {
                    "uri": "https://gallery.azure.com/artifact/20161101/chef-software.chef-client-windows-arm.1.2.4/Artifacts/MainTemplate.json"
                },
                "parameters": {
                    "chef_server_url": {
                        "value": "[parameters('ex0_chef_server_url')]"
                    },
                    "chef_node_name": {
                        "value": "[parameters('ex0_chef_node_name')]"
                    },
                    "validation_client_name": {
                        "value": "[parameters('ex0_validation_client_name')]"
                    },
                    "validation_key": {
                        "value": "[parameters('ex0_validation_key')]"
                    },
                    "location": {
                        "value": "[parameters('ex0_location')]"
                    },
                    "vmName": {
                        "value": "[parameters('ex0_vmName')]"
                    },
                    "ssl_verify_mode": {
                        "value": "[parameters('ex0_ssl_verify_mode')]"
                    },
                    "chef_environment": {
                        "value": "[parameters('ex0_chef_environment')]"
                    }
                }
            },
            "dependsOn": [
                "[concat('Microsoft.Compute/virtualMachines/', parameters('virtualMachineName'))]"
            ]
        },
        {
            "name": "[parameters('storageAccountName')]",
            "type": "Microsoft.Storage/storageAccounts",
            "apiVersion": "2015-06-15",
            "location": "[parameters('location')]",
            "properties": {
                "accountType": "[parameters('storageAccountType')]"
            }
        },
        {
            "name": "[parameters('diagnosticsStorageAccountName')]",
            "type": "Microsoft.Storage/storageAccounts",
            "apiVersion": "2015-06-15",
            "location": "[parameters('location')]",
            "properties": {
                "accountType": "[parameters('diagnosticsStorageAccountType')]"
            }
        },
        {
            "name": "[parameters('virtualNetworkName')]",
            "type": "Microsoft.Network/virtualNetworks",
            "apiVersion": "2016-09-01",
            "location": "[parameters('location')]",
            "properties": {
                "addressSpace": {
                    "addressPrefixes": [
                        "[parameters('addressPrefix')]"
                    ]
                },
                "subnets": [
                    {
                        "name": "[parameters('subnetName')]",
                        "properties": {
                            "addressPrefix": "[parameters('subnetPrefix')]"
                        }
                    }
                ]
            }
        },
        {
            "name": "[parameters('networkInterfaceName')]",
            "type": "Microsoft.Network/networkInterfaces",
            "apiVersion": "2016-09-01",
            "location": "[parameters('location')]",
            "dependsOn": [
                "[concat('Microsoft.Network/virtualNetworks/', parameters('virtualNetworkName'))]",
                "[concat('Microsoft.Network/publicIpAddresses/', parameters('publicIpAddressName'))]",
                "[concat('Microsoft.Network/networkSecurityGroups/', parameters('networkSecurityGroupName'))]"
            ],
            "properties": {
                "ipConfigurations": [
                    {
                        "name": "ipconfig1",
                        "properties": {
                            "subnet": {
                                "id": "[variables('subnetRef')]"
                            },
                            "privateIPAllocationMethod": "Dynamic",
                            "publicIpAddress": {
                                "id": "[resourceId('chef-rg','Microsoft.Network/publicIpAddresses', parameters('publicIpAddressName'))]"
                            }
                        }
                    }
                ],
                "networkSecurityGroup": {
                    "id": "[resourceId('chef-rg', 'Microsoft.Network/networkSecurityGroups', parameters('networkSecurityGroupName'))]"
                }
            }
        },
        {
            "name": "[parameters('publicIpAddressName')]",
            "type": "Microsoft.Network/publicIpAddresses",
            "apiVersion": "2016-09-01",
            "location": "[parameters('location')]",
            "properties": {
                "publicIpAllocationMethod": "[parameters('publicIpAddressType')]"
            }
        },
        {
            "name": "[parameters('networkSecurityGroupName')]",
            "type": "Microsoft.Network/networkSecurityGroups",
            "apiVersion": "2016-09-01",
            "location": "[parameters('location')]",
            "properties": {
                "securityRules": [
                    {
                        "name": "default-allow-rdp",
                        "properties": {
                            "priority": 1000,
                            "sourceAddressPrefix": "*",
                            "protocol": "TCP",
                            "destinationPortRange": "3389",
                            "access": "Allow",
                            "direction": "Inbound",
                            "sourcePortRange": "*",
                            "destinationAddressPrefix": "*"
                        }
                    }
                ]
            }
        }
    ],
    "outputs": {
        "adminUsername": {
            "type": "string",
            "value": "[parameters('adminUsername')]"
        }
    }
}